classifier;X_train;X_test;y_train;y_test;predicted_test;predicted_train;test_score;train_score;seed_random;cm
"LinearSVC(C=1.0, class_weight=None, dual=True, fit_intercept=True,
          intercept_scaling=1, loss='squared_hinge', max_iter=9100,
          multi_class='ovr', penalty='l2', random_state=32159933, tol=0.01,
          verbose=0)";"[[-0.30774264 -0.26749338 -1.0734113  ... -0.58018065  0.89081142
   0.39739936]
 [-1.23741151 -1.29120801  0.43253815 ... -0.48573905 -1.24004251
  -1.14101426]
 [ 0.14723674  0.19685181 -0.4680151  ... -0.14043692 -0.31394061
  -0.89347696]
 ...
 [-0.79601404 -0.79126559 -1.39690964 ... -0.92548278  0.83890601
   0.38103326]
 [-1.17454003 -1.21829844 -1.5218306  ... -0.80447947  0.09310713
  -0.39226508]
 [-0.96398359 -0.9783199  -1.4493691  ...  0.79807656 -0.28115824
  -0.22655829]]";"[[ 1.48309257  1.45381381  1.07891842 ...  0.55606994  0.92359379
   1.21161295]
 [ 0.82424046  0.85174822  2.45132169 ...  0.20486521  0.85256533
   1.32208414]
 [ 1.54631604  1.50996088  0.75601719 ...  0.50884913  1.08750563
   1.01317396]
 ...
 [-1.59884964 -1.722504   -2.20339198 ... -1.26783361  0.50288673
  -0.48023288]
 [-0.50609479 -0.47686491 -0.02077197 ... -0.40015134 -1.63343093
  -1.10419053]
 [ 1.67771422  1.62579961  1.05508528 ...  0.18715741  0.83890601
   0.51400784]]";"[6 3 1 1 5 2 1 2 5 4 0 1 2 5 1 2 2 4 5 5 3 2 1 4 6 0 2 5 2 5 4 1 6 1 1 1 4
 0 0 1 1 5 5 4 4 0 5 6 6 1 0 6 3 1 4 1 4 2 3 3 4 3 3 0 2 3 3 3 6 1 5 6 2 6
 3 4 1 5 2 3 0 4 4 4 5 4 4 2 0 0 2 3 5 4 2 4 3 1 1 3 2 4 6 5 3 6 4 2 4 0 1
 1 5 1 6 3 6 2 0 6 1 1 0 1 5 0 4 2 3 0 0 5 4 0 0 5 4 2 3 6 6 1 6 2 2 3 4 3
 6 1 3 0 6 1 0 1 3 6 0 1 6 5 1 5 1 3 5 3 0 4 6 6 6 4 5 3 2 0 3 6 4 0 1 2 6
 5 0 0 4 0 6 3 5 0 6 6 2 2 2 0 6 0 2 1 5 4 3 5 2 0 0 4 5 3 4 2 4 3 2 4 0 4
 4 4 1 6 4 5 2 3 5 5 5 2 4 6 5 4 3 0 0 4 5 3 1 1 0 4 0 1 0 0 6 6 1 1 0 2 3
 5 3 5 5 0 4 0 1 1 2 0 6 2 1 6 3 6 2 2 6 6 3 0 3 2 0 3 5 1 3 3 3 0 2 4 2 3
 0 6 6 3 6 2 1 4 2 4 2 0 6 4 5 5 0 6 6 2 2 3 4 1 6 6 4 3 4 0 4 5 1 4 6 6 5
 6 1 1 3 6 4 3 3 6 5 3 0 6 3 5 3 6 1 4 5 2 2 3 5 0 5 3 6 6 5 4 6 1 4 5 6 2
 6 3 5 2 4 6 3 2 3 3 3 0 4 4 3 6 4 6 2 1 5 0 5 4 6 2 6 2 6 5 4 2 5 3 4 1 5
 3 5 5 0 1 3 2 1 2 2 3 2 4 0 0 1 0 3 2 0 1 0 1 0 5 2 5 5 3 4 5 3 1 1 6 5 2
 1 2 2 5 4 4 1 2 1 0 4 1 1 4 6 5 2 0 6 3 5 1 5 0 2 5 5 2]";"[0 4 0 1 1 6 5 6 5 1 4 2 2 5 4 6 4 1 4 3 3 6 0 6 1 5 0 2 3 3 0 6 2 1 6 1 4
 1 2 0 0 0 1 0 0 3 5 2 2 5 5 3 0]";"[0 4 0 1 1 6 5 6 5 1 4 2 2 5 4 6 4 1 4 3 3 6 0 6 1 5 0 2 3 3 0 6 2 1 6 1 4
 1 2 1 0 0 1 0 0 3 5 2 2 5 5 3 0]";"[6 3 1 1 5 2 1 2 5 4 0 1 2 5 1 2 2 4 5 5 3 2 1 4 6 0 2 5 2 5 4 1 6 1 1 1 4
 0 0 1 1 6 5 4 4 0 5 6 6 1 0 6 3 1 4 1 4 2 3 3 4 3 3 0 2 3 3 3 6 1 5 6 2 6
 3 4 0 5 2 3 0 4 4 4 5 4 4 2 0 0 2 3 5 4 2 4 3 1 1 3 2 4 6 5 3 6 4 2 4 1 1
 1 5 1 6 3 6 2 0 6 1 1 0 1 5 0 4 2 3 0 0 5 4 0 0 5 4 2 3 6 6 1 6 2 2 3 4 3
 6 1 3 6 6 1 0 1 3 6 0 1 6 5 0 5 1 3 5 3 0 4 6 6 6 4 5 3 2 0 3 6 4 0 1 2 6
 2 0 0 4 0 6 3 5 0 6 1 2 2 2 0 6 0 2 1 5 4 3 5 2 0 0 4 5 3 4 2 4 3 2 4 0 4
 4 4 1 6 4 5 2 3 5 5 5 2 4 6 5 4 3 0 0 4 5 3 1 1 0 4 0 1 0 0 6 6 0 1 0 2 3
 5 3 5 5 0 4 0 1 1 2 0 6 2 1 6 3 6 2 5 5 6 3 0 3 2 0 3 5 1 3 3 3 0 2 4 2 3
 0 6 6 3 6 2 1 4 2 4 2 0 6 4 5 5 0 6 6 2 2 3 4 1 6 6 4 3 4 0 4 5 1 4 6 6 5
 6 1 1 3 6 4 3 3 6 5 3 1 5 3 5 3 6 1 4 5 2 2 3 5 1 5 3 6 6 5 4 6 1 4 5 6 2
 6 3 5 2 4 6 3 2 3 3 3 0 4 4 3 6 4 6 2 1 5 0 5 4 6 2 6 2 6 5 4 2 5 3 4 1 5
 3 5 5 0 1 3 2 1 2 2 3 2 4 0 0 1 0 3 2 0 1 0 1 0 5 6 5 5 3 4 5 3 1 1 6 5 2
 1 2 2 0 4 4 1 2 1 0 4 1 1 4 6 5 2 0 6 3 5 1 5 0 2 5 5 2]";0.9811320754716981;0.9682203389830508;32159933;"[[10  1  0  0  0  0  0]
 [ 0  9  0  0  0  0  0]
 [ 0  0  7  0  0  0  0]
 [ 0  0  0  6  0  0  0]
 [ 0  0  0  0  6  0  0]
 [ 0  0  0  0  0  7  0]
 [ 0  0  0  0  0  0  7]]"
"LinearSVC(C=1.0, class_weight=None, dual=True, fit_intercept=True,
          intercept_scaling=1, loss='squared_hinge', max_iter=9100,
          multi_class='ovr', penalty='l2', random_state=32159933, tol=0.01,
          verbose=0)";"[[-0.88168631 -0.88620274 -1.37644864 ... -0.65101186  0.78153686
   0.60197564]
 [-0.53026073 -0.50268219  0.5060752  ...  0.00417679 -1.56513433
  -1.29444647]
 [-0.83451384 -0.83380987 -0.28461463 ... -0.14929082 -1.95305902
  -1.76497192]
 ...
 [-0.53104585 -0.50352211 -0.92559163 ... -0.66871966  1.36615576
   0.8188265 ]
 [ 0.71793625  0.75150672  0.2114184  ...  1.65690493  0.04939731
   0.89042819]
 [ 1.32703174  1.31404873  0.58647255 ... -0.81628467  0.08491154
  -0.73390747]]";"[[ 0.748361    0.78028975  0.10234701 ...  1.01057017 -0.77562563
  -0.85051595]
 [ 2.06010195  1.95663032  1.22551193 ... -0.34112534  1.34156899
   1.01317396]
 [-0.76320452 -0.75516055  0.24427638 ... -1.45671683 -0.43687449
  -0.75436509]
 ...
 [-1.50151438 -1.60422743 -1.02652716 ... -0.45622604  0.45644504
  -0.16313965]
 [ 0.98156255  0.99845197  0.41464969 ... -0.63625536  0.09583899
  -0.56615492]
 [-0.25723366 -0.21487944 -0.30708105 ...  0.81873566 -0.58712701
  -0.6275278 ]]";"[6 3 3 0 0 0 4 1 6 6 0 0 5 0 2 4 0 3 1 2 0 4 6 0 6 5 2 5 2 3 1 3 2 3 3 6 6
 5 5 4 4 1 4 4 3 5 5 5 0 1 2 4 3 4 6 1 3 4 6 5 2 2 1 2 1 0 0 2 2 4 6 4 0 0
 5 0 5 2 1 2 0 4 2 0 6 4 2 1 3 1 4 5 6 6 0 4 5 3 4 2 5 6 4 0 5 6 2 1 5 0 0
 0 1 1 6 1 1 4 6 0 6 2 2 2 5 3 4 4 6 5 1 4 3 3 2 4 4 0 1 6 2 4 3 1 5 1 1 6
 5 1 0 3 1 2 3 0 3 5 1 1 3 2 0 5 6 3 1 1 1 0 2 1 3 3 3 6 4 2 3 4 1 4 2 5 3
 0 2 3 3 5 4 6 2 4 4 4 5 2 1 0 5 3 2 6 5 2 0 2 2 5 6 6 5 5 2 6 3 0 4 4 2 1
 4 2 4 2 5 1 0 4 5 1 2 3 3 6 5 5 0 1 2 0 6 6 6 4 0 4 2 0 5 6 6 1 0 3 1 1 3
 2 6 5 3 5 5 2 2 4 5 5 3 3 3 4 3 0 6 3 4 4 5 4 4 5 0 4 6 5 3 4 4 3 0 3 5 2
 6 6 4 3 5 2 0 5 0 5 0 6 6 1 0 0 4 6 1 4 4 3 2 3 5 2 1 6 3 6 0 2 1 1 3 2 6
 0 6 5 0 4 1 3 0 2 6 1 6 5 1 2 6 4 4 4 1 2 3 2 1 3 1 6 2 3 2 3 3 3 6 1 2 1
 6 5 2 3 1 3 4 6 5 0 4 3 3 2 6 3 1 3 2 2 3 6 1 2 0 5 4 5 6 2 0 4 4 0 5 6 2
 5 3 2 0 0 5 6 5 4 4 1 1 0 0 4 2 3 0 4 1 5 5 0 1 1 0 6 6 4 3 5 6 1 6 6 5 6
 6 4 3 1 1 3 4 4 5 0 5 0 2 3 1 6 5 1 0 4 6 0 1 0 5 5 0 1]";"[1 0 3 3 3 5 5 3 0 4 5 2 1 1 1 0 0 3 4 6 1 0 4 6 2 2 6 5 1 3 5 2 5 1 2 6 0
 3 4 2 0 2 0 6 6 6 5 1 6 4 5 1 2]";"[1 0 3 3 3 5 5 3 0 4 5 2 1 1 1 0 0 3 4 6 1 0 4 6 2 2 6 5 1 3 5 2 5 1 2 6 0
 3 4 2 0 2 0 6 6 6 5 1 6 4 5 1 2]";"[5 3 3 0 0 0 4 1 6 6 0 0 5 0 2 4 0 3 1 2 0 4 6 0 6 5 2 5 2 3 1 3 2 3 3 6 6
 5 5 4 4 1 4 4 3 5 5 5 1 1 2 4 3 4 6 1 3 4 6 5 2 2 1 2 1 0 0 2 2 4 6 4 0 0
 5 1 5 2 1 2 0 4 2 0 6 4 2 1 3 0 4 5 6 6 0 4 5 3 4 2 5 6 4 0 5 6 2 1 5 0 0
 0 1 1 6 1 1 4 6 0 6 2 2 2 5 3 4 4 6 5 1 4 3 3 2 4 4 0 1 6 2 4 3 1 5 1 1 6
 5 1 0 3 1 2 3 0 3 5 1 1 3 2 0 5 5 3 1 1 1 0 2 1 3 3 3 6 4 2 3 4 1 4 2 5 3
 0 2 3 3 5 4 6 2 4 4 4 5 2 1 0 5 3 2 6 5 2 0 2 6 5 6 6 5 5 2 6 3 0 4 4 2 1
 4 2 4 2 5 1 0 4 5 1 2 3 3 6 5 5 0 1 2 0 6 6 6 4 0 4 2 0 5 6 6 1 0 3 1 1 3
 2 6 5 3 5 5 2 2 4 5 5 3 3 3 4 3 0 6 3 4 4 5 4 4 5 0 4 6 5 3 4 4 3 0 3 5 2
 6 1 4 3 5 2 0 5 0 5 0 6 6 1 0 0 4 6 1 4 4 3 2 3 5 2 1 6 3 6 0 2 1 1 3 5 6
 0 6 5 0 4 1 3 1 2 6 1 6 5 1 2 6 4 4 4 1 2 3 2 1 3 1 6 2 3 2 3 3 3 6 1 2 1
 6 5 2 3 1 3 4 6 5 0 4 3 3 2 6 3 1 3 2 2 3 6 1 2 0 6 4 5 6 2 0 4 4 0 5 6 2
 5 3 2 0 0 5 6 5 4 4 1 1 0 0 4 2 3 0 4 1 2 5 0 1 1 0 6 6 4 3 5 6 0 6 6 5 6
 6 4 3 1 1 3 4 4 5 0 5 1 2 3 1 6 5 1 0 4 6 0 0 0 5 5 0 1]";1.0;0.9703389830508474;32159933;"[[8 0 0 0 0 0 0]
 [0 9 0 0 0 0 0]
 [0 0 8 0 0 0 0]
 [0 0 0 7 0 0 0]
 [0 0 0 0 5 0 0]
 [0 0 0 0 0 8 0]
 [0 0 0 0 0 0 8]]"
"LinearSVC(C=1.0, class_weight=None, dual=True, fit_intercept=True,
          intercept_scaling=1, loss='squared_hinge', max_iter=9100,
          multi_class='ovr', penalty='l2', random_state=32159933, tol=0.01,
          verbose=0)";"[[ 0.52445719  0.56666806  0.1462024  ...  1.48868081  0.40453963
   1.19115532]
 [-1.50151438 -1.60422743 -1.02652716 ... -0.45622604  0.45644504
  -0.16313965]
 [-1.17562153 -1.21954761 -1.13790529 ... -0.72479437  0.7405589
   0.21328071]
 ...
 [-1.16058276 -1.20219285 -1.32623044 ... -0.06370311  1.01374531
   1.44687567]
 [-0.98922689 -1.0067602  -0.94610199 ... -0.41785914  1.15033851
   1.36709092]
 [ 1.25152709  1.24581582  0.39264756 ...  0.47638483  0.82251482
   1.01726549]]";"[[-0.23279489 -0.18952141  1.41615079 ...  1.2997976   0.55752401
   1.98081976]
 [ 0.82424046  0.85174822  2.45132169 ...  0.20486521  0.85256533
   1.32208414]
 [ 0.53094779  0.57292019  0.22180072 ...  1.56246332 -1.54601129
  -0.91393459]
 ...
 [ 0.62601437  0.6640819   0.55591047 ...  1.2761872  -0.84938596
  -0.84642442]
 [-0.54582638 -0.51934794 -1.0984147  ... -1.114366    0.74329077
   0.02711629]
 [ 1.81628229  1.74674282  0.87138663 ... -0.95499579  0.06578849
  -0.46182101]]";"[0 5 5 3 2 6 1 3 3 0 3 5 1 4 1 0 5 4 3 4 5 4 6 4 6 0 4 4 3 4 4 4 1 5 0 3 4
 4 2 4 0 0 5 3 1 5 3 1 2 3 4 0 2 6 2 1 1 0 6 2 2 1 5 1 2 5 6 1 2 0 2 6 3 4
 4 2 5 0 3 4 0 2 0 2 1 1 0 6 1 6 5 6 1 3 2 1 6 3 5 0 5 0 6 6 0 1 3 0 3 3 0
 6 2 2 4 0 0 5 3 3 5 3 4 4 5 5 4 3 4 6 0 4 1 4 6 2 3 1 2 6 5 6 2 4 6 5 1 6
 1 1 3 3 1 3 6 5 4 6 0 1 0 0 6 2 2 5 5 1 6 1 5 5 3 0 4 1 6 1 3 5 2 5 6 3 3
 6 1 0 0 4 2 2 2 3 4 4 4 4 3 4 2 0 0 1 2 3 1 6 1 2 3 0 6 6 3 4 6 5 3 6 3 0
 2 5 0 3 6 6 1 6 2 5 1 4 3 3 3 2 4 0 2 1 2 2 6 6 6 5 3 0 4 2 4 5 0 5 2 5 1
 0 1 1 2 0 6 2 1 6 3 0 4 3 6 2 5 0 1 2 4 6 6 6 4 6 4 1 2 0 2 0 3 1 1 2 3 0
 1 5 0 3 1 5 5 1 4 0 1 4 2 3 0 3 5 2 5 0 4 1 5 5 6 5 6 3 1 1 1 2 4 3 6 6 1
 2 3 4 1 1 5 2 3 5 3 4 3 6 5 0 4 4 6 0 5 1 4 4 1 4 5 4 1 2 5 1 3 3 6 6 3 4
 3 3 4 5 2 2 0 3 6 2 6 0 2 3 6 3 2 4 0 5 1 2 3 3 5 6 4 4 1 5 5 5 6 5 5 2 3
 5 1 0 3 2 3 5 5 0 6 0 0 6 6 2 0 2 5 4 1 4 4 0 4 6 4 0 0 5 1 4 4 5 4 6 5 1
 1 2 4 1 1 2 1 1 2 6 0 0 0 0 2 3 0 3 3 0 2 3 3 0 6 6 6 0]";"[4 4 2 0 2 6 1 5 4 0 6 2 5 5 6 5 0 5 0 4 6 1 1 0 3 0 6 1 6 3 3 6 6 4 2 2 5
 2 2 4 5 1 2 2 4 5 5 5 0 2 2 5 1]";"[4 4 2 0 2 6 1 5 4 0 6 2 5 5 6 5 0 5 0 4 1 1 1 0 3 0 6 1 6 3 3 6 6 4 2 2 5
 2 2 4 5 1 2 2 4 5 5 5 0 5 2 5 1]";"[0 5 5 3 2 6 1 3 3 1 3 5 1 4 1 0 5 4 3 4 5 4 6 4 6 0 4 4 3 4 4 4 1 5 0 3 4
 4 2 4 0 0 5 3 1 5 3 0 2 3 4 0 2 6 2 1 1 0 6 2 2 1 5 1 2 5 6 1 2 0 2 6 3 4
 4 2 5 1 3 4 0 2 0 2 1 1 0 6 1 6 5 6 1 3 2 1 6 3 2 0 5 0 6 6 0 1 3 0 3 3 0
 6 2 2 4 0 0 5 3 3 5 3 4 4 5 5 4 3 4 6 0 4 1 4 6 2 3 1 2 1 5 6 2 4 6 5 1 6
 1 1 3 3 1 3 6 5 4 6 0 1 0 0 6 2 2 5 5 1 6 1 5 6 3 0 4 1 6 1 3 5 2 5 6 3 3
 6 1 0 0 4 2 2 2 3 4 4 4 4 3 4 2 0 0 1 2 3 1 6 1 2 3 0 6 6 3 4 6 5 3 6 3 0
 2 5 0 3 6 6 1 6 2 5 1 4 3 3 3 2 4 0 2 1 2 2 6 6 6 5 3 0 4 2 4 5 0 5 2 5 1
 0 1 1 2 0 6 2 1 5 3 0 4 3 6 2 5 0 1 2 4 6 6 6 4 6 4 1 2 0 2 0 3 1 1 2 3 0
 1 5 0 3 1 5 5 1 4 0 1 4 2 3 0 3 5 2 5 0 4 1 5 5 6 5 6 3 1 1 1 2 4 3 6 6 1
 2 3 4 1 1 5 6 3 5 3 4 3 5 5 0 4 4 6 1 5 1 4 4 1 4 5 4 1 2 5 1 3 3 6 6 3 4
 3 3 4 5 2 2 0 3 6 2 6 0 2 3 6 3 2 4 0 5 1 2 3 3 5 6 4 4 0 5 5 5 6 5 5 2 3
 5 1 0 3 2 3 5 5 0 6 0 0 6 6 2 0 2 5 4 1 4 4 0 4 6 4 0 0 5 1 4 4 5 4 6 5 1
 1 2 4 1 1 2 1 1 2 6 0 0 0 1 2 3 0 3 3 0 2 3 3 0 5 6 6 0]";0.9622641509433962;0.972457627118644;32159933;"[[ 7  0  0  0  0  0  0]
 [ 0  6  0  0  0  0  0]
 [ 0  0 10  0  0  1  0]
 [ 0  0  0  3  0  0  0]
 [ 0  0  0  0  7  0  0]
 [ 0  0  0  0  0 11  0]
 [ 0  1  0  0  0  0  7]]"
"LinearSVC(C=1.0, class_weight=None, dual=True, fit_intercept=True,
          intercept_scaling=1, loss='squared_hinge', max_iter=9100,
          multi_class='ovr', penalty='l2', random_state=32159933, tol=0.01,
          verbose=0)";"[[ 1.31245664  1.30090886  0.46615646 ...  0.96039807 -0.03802234
   0.16213664]
 [-1.50006752 -1.60248155  0.10289537 ...  1.19355079 -2.56499657
  -1.738377  ]
 [-1.12839591 -1.16516117 -0.91149892 ... -0.62740146  0.34170676
   0.18259427]
 ...
 [-0.89580836 -0.90194501 -1.10750605 ...  0.74790445  0.15047627
   0.24192139]
 [-1.98378243 -2.20737592 -0.54203494 ... -0.57722935 -1.29467979
  -1.01417697]
 [ 0.43204201  0.47725115  0.25918035 ...  1.39719051 -1.12257236
  -0.8198295 ]]";"[[-1.2161257  -1.26645709 -0.64246839 ...  1.04893708 -0.60625006
  -0.27974813]
 [-0.43032301 -0.39635602 -0.61816261 ...  2.46851249 -1.54601129
  -0.81369222]
 [ 0.57424661  0.61453577  1.84916699 ...  1.01057017  0.41000336
   1.30367228]
 ...
 [-0.35555289 -0.3175541   0.575616   ...  0.28750162 -1.79187905
  -1.43355834]
 [-0.35540714 -0.31740112 -0.20121887 ... -0.46212865 -0.10358708
  -0.74822781]
 [-0.41656197 -0.38180548  1.0668454  ...  0.39965102 -2.26995525
  -1.71996513]]";"[1 3 5 2 2 4 2 6 6 1 3 5 5 3 3 2 5 4 2 2 4 6 5 6 3 0 5 1 2 3 1 1 3 5 4 1 2
 2 1 4 0 0 4 2 6 6 6 5 5 3 0 2 0 5 4 2 1 0 6 0 3 4 4 5 3 2 4 1 4 0 5 5 1 5
 2 6 0 1 5 5 3 4 1 5 0 1 3 6 4 5 3 2 6 6 6 4 4 0 4 5 1 0 6 2 4 5 4 4 0 2 5
 5 1 6 3 1 0 4 0 0 4 6 3 3 1 0 6 6 6 2 3 1 2 3 0 0 6 5 4 5 4 0 6 3 0 5 2 1
 3 2 0 6 3 0 5 1 6 0 4 6 4 1 6 6 5 2 1 4 1 3 4 0 5 0 2 2 0 3 1 3 1 3 2 4 2
 3 4 3 5 3 1 3 4 2 4 0 1 1 3 5 5 1 6 2 1 3 4 6 0 2 4 4 1 5 5 3 5 2 5 4 3 3
 6 6 6 1 5 1 5 3 6 6 4 4 0 4 5 4 2 0 4 3 0 3 2 1 1 2 3 5 0 2 1 5 1 1 6 3 3
 3 2 0 5 2 0 2 3 6 6 2 0 6 2 5 3 1 0 5 1 3 4 2 1 0 1 1 0 0 3 3 5 3 1 4 1 4
 1 5 6 1 6 3 0 6 2 2 2 0 4 6 4 5 4 1 5 2 3 3 2 1 4 6 3 0 0 5 5 1 5 1 4 5 3
 4 0 4 2 3 3 0 6 3 6 6 6 0 0 6 5 0 6 2 3 0 6 4 1 5 2 0 4 1 2 1 1 5 2 3 2 2
 4 6 5 4 1 2 1 6 3 4 2 5 5 1 4 3 5 6 4 2 4 4 6 2 0 1 3 3 4 4 5 3 3 3 5 6 6
 5 2 0 0 6 0 1 0 2 0 0 5 1 5 0 2 3 4 5 0 5 6 6 0 2 5 0 5 1 6 0 5 4 4 2 3 2
 5 1 2 4 4 5 6 6 6 4 6 6 2 4 3 3 5 0 1 1 4 0 1 6 2 2 3 1]";"[6 2 4 1 6 0 0 2 0 0 1 1 2 5 1 0 2 4 4 6 0 3 1 2 1 3 6 6 2 1 2 6 3 4 5 3 1
 0 2 0 4 6 5 5 0 0 4 2 6 6 3 6 3]";"[6 2 4 1 6 0 0 2 0 0 1 1 2 5 1 0 2 4 4 6 0 3 1 2 1 3 6 6 2 1 2 6 3 4 5 3 1
 0 2 0 4 5 5 5 0 0 4 2 1 6 3 6 3]";"[1 3 5 2 2 4 2 6 6 1 3 5 2 3 3 2 5 4 2 2 4 6 5 6 3 0 5 1 2 3 1 1 3 5 4 1 2
 2 1 4 0 1 4 2 6 6 6 5 5 3 0 2 0 5 4 2 1 0 6 0 3 4 4 5 3 2 4 1 4 0 5 5 1 5
 2 6 0 1 5 5 3 4 1 5 0 1 3 1 4 5 3 2 6 6 6 4 4 0 4 5 1 0 6 2 4 5 4 4 0 2 5
 5 1 6 3 1 0 4 0 0 4 6 3 3 1 0 6 6 6 6 3 0 2 3 0 0 6 5 4 5 4 0 5 3 0 5 2 1
 3 2 0 6 3 0 5 1 6 0 4 6 4 1 6 6 5 5 1 4 1 3 4 0 5 0 2 2 0 3 1 3 1 3 2 4 2
 3 4 3 5 3 1 3 4 2 4 0 1 1 3 5 5 1 6 2 1 3 4 6 0 2 4 4 1 5 5 3 5 2 5 4 3 3
 6 6 6 1 5 1 5 3 6 6 4 4 0 4 5 4 2 0 4 3 0 3 2 1 1 2 3 5 0 2 1 5 1 1 6 3 3
 3 2 0 5 2 0 2 3 6 6 2 0 6 2 5 3 1 0 6 1 3 4 2 1 0 1 1 0 0 3 3 5 3 1 4 1 4
 1 5 6 1 6 3 0 6 2 2 2 1 4 6 4 5 4 0 5 2 3 3 2 1 4 6 3 0 0 5 5 1 5 1 4 5 3
 4 0 4 2 3 3 0 6 3 6 6 6 0 1 6 5 0 6 2 3 0 6 4 1 5 2 0 4 1 2 1 1 5 2 3 2 2
 4 6 5 4 1 2 1 6 3 4 2 5 5 1 4 3 5 6 4 2 4 4 6 2 0 1 3 3 4 4 5 3 3 3 5 6 6
 5 2 0 0 6 0 1 0 2 0 1 5 1 5 0 2 3 4 5 0 5 6 6 0 2 5 0 5 1 6 0 5 4 4 2 3 2
 5 1 2 4 4 5 5 6 6 4 6 6 2 4 3 3 5 0 1 1 4 0 1 6 2 2 3 1]";0.9622641509433962;0.972457627118644;32159933;"[[10  0  0  0  0  0  0]
 [ 0  8  0  0  0  0  0]
 [ 0  0  9  0  0  0  0]
 [ 0  0  0  6  0  0  0]
 [ 0  0  0  0  6  0  0]
 [ 0  0  0  0  0  4  0]
 [ 0  1  0  0  0  1  8]]"
"LinearSVC(C=1.0, class_weight=None, dual=True, fit_intercept=True,
          intercept_scaling=1, loss='squared_hinge', max_iter=9100,
          multi_class='ovr', penalty='l2', random_state=32159933, tol=0.01,
          verbose=0)";"[[ 0.748361    0.78028975  0.10234701 ...  1.01057017 -0.77562563
  -0.85051595]
 [ 0.97311531  0.99062372  0.46447735 ...  0.60033944  1.15307037
   1.47347059]
 [-0.43280465 -0.39898235  0.51305081 ... -2.10895418 -0.79474868
  -1.37832275]
 ...
 [-0.23279489 -0.18952141  1.41615079 ...  1.2997976   0.55752401
   1.98081976]
 [-1.10905473 -1.14298152 -0.1225426  ... -0.20536552 -1.96125462
  -1.74246852]
 [ 3.0768312   2.7953819   1.95718293 ... -0.84579768  0.13408509
  -0.52114814]]";"[[ 1.40699781  1.38587537  0.52606055 ... -1.04353479  0.30619252
  -0.34930406]
 [-0.76248745 -0.754373   -1.35690693 ... -0.32932013  0.66679857
   0.46900106]
 [ 1.22815743  1.22461429  0.23180383 ... -0.41785914  0.23516406
  -0.3636244 ]
 ...
 [ 1.54631604  1.50996088  0.75601719 ...  0.50884913  1.08750563
   1.01317396]
 [ 1.25152709  1.24581582  0.39264756 ...  0.47638483  0.82251482
   1.01726549]
 [-0.22815877 -0.18471815  0.64586853 ...  0.39079712  0.86895651
   1.45915025]]";"[1 0 3 4 4 6 4 6 1 3 6 5 5 0 3 1 5 0 2 3 2 6 4 3 2 2 6 6 2 5 5 2 1 4 5 0 6
 0 1 4 5 4 4 2 2 1 5 5 6 0 4 2 3 0 2 5 3 1 5 1 1 3 1 1 1 4 0 2 5 4 2 6 5 6
 1 3 0 6 4 4 6 6 6 0 5 6 2 2 1 4 5 0 3 2 6 5 2 2 3 4 1 2 3 3 5 1 2 0 1 1 1
 2 2 1 3 3 1 3 1 5 2 4 0 1 2 5 0 3 2 5 4 4 6 0 3 4 6 6 6 5 2 1 2 3 0 1 5 5
 2 4 0 0 2 0 3 3 2 3 0 1 1 2 6 3 6 3 4 1 4 6 2 0 2 6 2 0 2 4 3 3 1 6 5 4 2
 0 6 1 4 6 6 1 6 5 2 3 3 1 6 4 0 4 6 5 4 0 1 2 1 2 4 5 4 0 2 4 2 4 2 6 3 3
 3 2 1 5 6 6 3 6 5 0 5 5 2 3 1 6 3 5 3 6 5 1 1 4 0 5 3 2 2 6 6 2 6 0 1 1 3
 1 0 6 4 1 2 3 2 1 5 1 3 6 6 6 6 0 4 2 0 0 1 0 1 4 1 1 4 2 3 4 1 3 6 2 5 4
 3 6 5 4 5 4 0 0 2 2 5 6 2 2 5 5 0 3 2 3 0 5 2 6 5 5 5 6 6 2 5 4 0 0 3 5 2
 4 5 5 5 6 3 4 6 0 5 3 5 2 2 4 3 4 0 3 1 5 5 5 3 6 0 0 1 0 1 4 5 6 3 6 4 1
 0 0 1 5 0 5 2 3 0 3 1 2 0 0 6 5 5 1 6 2 0 5 2 5 2 4 6 0 0 6 0 2 1 4 2 4 5
 4 4 6 4 2 4 0 5 6 0 1 6 3 0 6 3 0 0 1 1 2 0 6 1 4 2 0 5 3 1 4 5 1 6 0 5 3
 3 2 4 0 1 1 3 5 1 3 2 1 3 1 3 2 1 4 3 4 5 3 3 4 5 4 3 1]";"[1 5 1 4 0 3 0 6 5 6 1 4 3 4 2 0 1 0 0 0 0 3 6 3 4 4 6 3 0 4 3 4 4 5 4 6 6
 3 1 6 4 0 6 3 6 3 5 4 5 4 0 0 4]";"[1 5 1 4 1 3 0 6 5 6 1 4 3 4 2 0 1 0 0 0 0 3 6 3 4 4 6 3 0 4 3 4 4 5 4 6 6
 3 1 6 4 0 6 3 6 3 5 4 5 4 0 0 4]";"[1 0 3 4 4 6 4 6 1 3 6 5 5 0 3 1 5 0 2 3 6 6 4 3 2 2 6 6 2 5 5 2 1 4 5 0 6
 0 1 4 5 4 4 2 2 1 6 5 6 0 4 2 3 0 2 5 3 1 5 1 1 3 1 1 1 4 0 2 5 4 2 6 5 6
 1 3 0 6 4 4 6 6 6 0 5 6 2 2 1 4 5 0 3 2 6 5 2 2 3 4 1 2 3 3 5 1 2 0 0 1 1
 2 2 1 3 3 1 3 1 5 2 4 0 1 2 5 0 3 2 5 4 4 5 0 3 4 6 1 6 5 5 1 2 3 0 1 5 5
 2 4 0 0 2 0 3 3 2 3 0 1 1 2 6 3 6 3 4 1 4 6 2 0 2 6 2 0 2 4 3 3 1 6 5 4 2
 0 6 1 4 6 6 1 6 5 2 3 3 1 6 4 0 4 6 5 4 0 1 2 1 2 4 5 4 0 2 4 2 4 2 6 3 3
 3 2 1 5 6 6 3 6 5 0 5 5 2 3 1 6 3 5 3 6 5 1 1 4 1 5 3 2 2 6 5 2 6 0 1 1 3
 1 0 6 4 1 2 3 2 1 5 1 3 6 5 6 6 0 4 2 0 0 1 1 1 4 1 1 4 2 3 4 1 3 6 2 5 4
 3 6 5 4 5 4 0 0 2 2 5 6 2 2 5 5 0 3 2 3 0 5 2 6 5 2 5 6 6 2 5 4 0 0 3 5 2
 4 5 5 5 6 3 4 6 0 5 3 5 2 2 4 3 4 0 3 1 5 5 5 3 6 0 0 1 0 1 4 0 6 3 6 4 1
 0 0 1 5 0 5 2 3 0 3 1 2 0 0 6 5 5 1 6 2 1 5 2 5 2 4 6 0 0 6 0 2 1 4 2 4 5
 4 4 6 4 2 4 0 5 6 0 1 6 3 0 6 3 0 0 1 1 2 0 6 1 4 2 0 5 3 1 4 5 1 6 0 5 3
 3 2 4 0 1 1 3 5 1 3 2 0 3 1 3 2 1 4 3 4 5 3 3 4 5 4 3 1]";0.9811320754716981;0.9703389830508474;32159933;"[[10  1  0  0  0  0  0]
 [ 0  5  0  0  0  0  0]
 [ 0  0  1  0  0  0  0]
 [ 0  0  0  9  0  0  0]
 [ 0  0  0  0 13  0  0]
 [ 0  0  0  0  0  5  0]
 [ 0  0  0  0  0  0  9]]"
"LinearSVC(C=1.0, class_weight=None, dual=True, fit_intercept=True,
          intercept_scaling=1, loss='squared_hinge', max_iter=9100,
          multi_class='ovr', penalty='l2', random_state=32159933, tol=0.01,
          verbose=0)";"[[-0.43773674 -0.40420406 -0.3461987  ... -0.62445016 -1.48591028
  -1.419238  ]
 [ 2.23072915  2.10138231  1.12227724 ... -0.52410595  0.48649555
   0.15804511]
 [ 0.39153556  0.43782204  0.07047361 ...  1.19945339  0.27887388
   0.32784342]
 ...
 [-0.76558149 -0.75777164 -0.25461614 ... -0.64806056 -1.65801771
  -1.42332953]
 [ 0.15598401  0.2055762  -0.49328659 ... -0.09911872 -0.13363758
  -0.65821424]
 [ 1.97227521  1.8814464   0.99826533 ... -0.53591115  0.33351116
  -0.53956   ]]";"[[ 1.19073489  1.19058148  0.8529556  ...  1.80446994 -1.06520322
  -0.39021932]
 [-1.19472808 -1.24164507 -1.80489044 ... -1.1497816   0.69684908
  -0.17745999]
 [-1.36885003 -1.44559272 -1.57114457 ... -1.90236316  0.51927792
  -0.43113457]
 ...
 [-0.44983966 -0.41702949 -0.08425095 ... -1.1645381  -1.0433483
  -1.26580579]
 [ 1.16316658  1.16544514  0.77359601 ... -0.01057971  0.86076092
   0.39944512]
 [-0.12419375 -0.07760337  0.98576014 ... -0.66281706 -1.95032716
  -1.23307359]]";"[6 0 0 0 0 2 5 2 6 4 3 6 0 0 3 4 5 2 4 1 6 2 4 3 2 3 2 3 2 3 2 0 6 5 1 2 0
 6 5 3 5 1 5 3 6 1 0 3 2 1 4 6 1 0 2 0 0 3 2 5 3 2 2 4 5 4 3 4 4 2 1 4 2 4
 0 5 4 3 4 6 0 5 6 2 3 5 1 4 3 1 4 5 4 0 3 5 2 3 6 0 6 2 2 2 1 1 4 4 4 1 1
 1 5 5 6 6 0 0 6 0 3 6 5 3 1 6 5 0 4 4 4 2 3 0 4 3 2 5 5 6 0 5 2 1 4 3 1 3
 2 3 3 1 6 6 1 6 6 5 6 4 2 1 0 5 6 0 6 6 6 6 2 3 4 1 5 0 1 4 1 0 3 5 1 6 0
 2 4 6 4 4 6 3 2 2 6 3 3 2 5 3 3 6 2 0 6 4 3 5 4 1 0 3 2 0 2 3 3 4 3 2 2 4
 1 6 2 1 4 3 5 3 5 1 1 1 6 4 4 6 4 3 0 5 3 3 1 1 2 1 1 4 2 0 2 4 6 0 6 2 0
 5 5 0 1 3 5 5 0 4 4 4 5 3 3 1 6 2 1 3 1 4 5 5 6 4 3 2 6 6 4 2 1 0 3 1 4 5
 5 6 0 2 5 6 6 0 0 0 1 6 2 1 2 2 1 1 3 1 5 6 5 0 4 0 0 2 1 6 2 2 1 3 3 1 6
 3 4 2 2 5 5 4 1 0 1 0 6 1 0 4 6 5 0 1 3 0 5 1 5 1 5 6 1 1 0 5 1 1 4 5 2 3
 1 3 2 5 0 5 1 4 2 5 2 6 0 0 6 3 4 5 2 2 4 5 3 5 2 4 3 2 2 6 0 3 6 0 6 2 3
 0 6 6 6 1 0 3 1 0 1 2 4 2 3 6 5 5 0 0 4 6 5 6 4 2 5 2 2 0 5 3 5 3 5 0 5 3
 0 4 2 4 4 0 1 5 0 1 6 4 2 5 0 4 3 6 6 5 6 4 5 1 0 3 2 1]";"[1 5 5 3 3 1 0 1 4 4 0 4 3 5 3 5 6 6 3 5 6 5 0 0 1 0 5 4 4 0 0 6 4 1 1 4 4
 2 1 6 2 4 5 2 1 3 6 2 6 4 3 0 3]";"[1 5 5 3 3 1 0 1 4 4 1 4 3 5 3 5 6 6 3 5 6 5 0 0 1 0 5 4 4 0 0 6 4 1 1 4 4
 2 1 6 2 4 5 2 1 3 6 2 6 4 3 0 3]";"[6 0 0 0 0 2 5 2 6 4 3 6 0 0 3 4 5 2 4 1 6 2 4 3 2 3 2 3 2 3 2 0 6 5 1 2 0
 6 5 3 5 1 5 3 5 1 0 3 2 1 4 6 1 0 2 0 0 3 2 5 3 2 2 4 5 4 3 4 4 2 1 4 2 4
 0 5 4 3 4 6 0 5 6 2 3 5 1 4 3 1 4 5 4 0 3 5 2 3 6 0 6 2 2 2 1 1 4 4 4 1 1
 1 5 5 6 6 0 0 6 0 3 6 5 3 1 6 2 0 4 4 4 5 3 0 4 3 2 5 5 6 0 5 2 1 4 3 1 3
 2 3 3 1 6 6 1 6 6 5 6 4 2 1 0 5 6 0 6 6 6 6 2 3 4 1 5 0 1 4 1 0 3 5 1 6 0
 2 4 6 4 4 6 3 2 2 6 3 3 2 5 3 3 6 2 0 6 4 3 5 4 1 0 3 2 1 2 3 3 4 3 2 2 4
 1 6 2 1 4 3 5 3 5 1 1 1 6 4 4 5 4 3 0 5 3 3 1 1 2 1 1 4 2 0 2 4 6 0 6 2 0
 5 5 0 1 3 5 5 0 4 4 4 5 3 3 1 6 2 0 3 1 4 5 5 6 4 3 2 1 6 4 2 1 0 3 1 4 5
 5 6 0 2 0 6 6 1 0 0 1 6 2 1 2 2 1 1 3 1 5 6 5 0 4 1 0 2 1 6 6 2 1 3 3 1 6
 3 4 2 2 5 5 4 1 0 1 0 6 0 0 4 6 5 0 1 3 0 5 1 5 1 5 6 1 1 0 5 1 1 4 5 2 3
 1 3 2 6 0 5 1 4 2 5 2 6 0 0 6 3 4 5 2 2 4 5 3 5 2 4 3 2 2 6 0 3 6 0 6 2 3
 0 6 6 6 1 0 3 1 0 1 2 4 2 3 6 5 5 0 0 4 6 5 6 4 2 5 2 2 0 5 3 5 3 5 0 5 3
 0 4 2 4 4 0 1 5 0 1 6 4 2 5 0 4 3 6 6 5 6 4 5 1 0 3 2 1]";0.9811320754716981;0.972457627118644;32159933;"[[ 7  1  0  0  0  0  0]
 [ 0  8  0  0  0  0  0]
 [ 0  0  4  0  0  0  0]
 [ 0  0  0  8  0  0  0]
 [ 0  0  0  0 10  0  0]
 [ 0  0  0  0  0  8  0]
 [ 0  0  0  0  0  0  7]]"
"LinearSVC(C=1.0, class_weight=None, dual=True, fit_intercept=True,
          intercept_scaling=1, loss='squared_hinge', max_iter=9100,
          multi_class='ovr', penalty='l2', random_state=32159933, tol=0.01,
          verbose=0)";"[[-0.81664934 -0.8140447  -1.19079023 ...  0.84234606 -0.15822436
  -0.13449897]
 [ 0.82424046  0.85174822  2.45132169 ...  0.20486521  0.85256533
   1.32208414]
 [ 1.71740798  1.66057062  1.12650205 ... -0.99926529  0.27067829
  -0.39021932]
 ...
 [ 0.21655212  0.26578638  1.57064757 ...  0.55311864  0.94818057
   1.47142483]
 [ 1.37340366  1.355755    0.52429466 ...  0.32881982  0.99462226
   0.99067057]
 [-1.0105121  -1.03080964 -0.95059904 ... -0.32636883  0.68865349
   0.63879937]]";"[[ 1.7745266   1.7104274   0.94021571 ... -0.32341753 -0.35218671
  -0.88120239]
 [ 1.08792137  1.09655317  0.27627985 ...  0.03368979  0.01661494
  -0.51705661]
 [-1.15743139 -1.1985604  -0.90240013 ... -0.02828751  1.10936055
   1.49597398]
 ...
 [ 1.49799368  1.46707142  0.39975949 ... -1.25897971 -0.54888092
  -1.16965494]
 [-0.44177692 -0.40848355  0.32784631 ...  1.08730398  0.45917691
   1.858074  ]
 [ 1.32309252  1.31049889  0.95994692 ... -1.42720382 -0.33033179
  -1.18192952]]";"[2 4 1 2 1 2 6 6 5 4 2 2 6 6 4 2 3 5 5 5 3 6 1 1 5 1 4 0 3 6 5 4 1 4 4 6 4
 5 0 1 0 6 6 6 6 2 2 4 2 3 3 2 2 6 5 6 4 3 3 0 0 3 5 0 2 5 0 1 6 3 3 0 1 0
 3 3 4 0 3 6 1 4 0 3 3 4 1 6 0 4 0 1 6 5 3 3 6 4 4 0 6 6 0 3 5 3 5 4 4 1 4
 2 0 5 2 6 2 2 3 2 2 2 2 6 1 2 4 2 2 1 4 0 2 5 0 4 5 5 6 3 3 6 3 2 1 5 0 5
 4 2 1 1 6 1 3 4 3 2 6 4 4 2 5 2 2 3 2 6 2 5 0 3 4 3 6 4 3 0 0 2 4 2 1 0 3
 5 0 4 2 0 0 0 5 2 4 5 3 1 6 1 2 4 1 5 6 6 6 3 3 5 2 0 4 2 4 5 6 4 6 1 0 5
 4 0 4 2 6 4 4 4 2 3 4 6 4 6 3 4 6 2 1 0 6 3 2 3 3 1 1 0 6 5 0 0 0 5 1 1 5
 0 0 1 2 0 5 6 4 3 3 2 6 5 1 5 5 6 2 4 4 4 5 4 0 0 4 3 1 3 1 0 3 1 3 5 0 6
 1 0 3 6 0 0 2 5 5 5 4 6 0 2 0 1 2 3 1 6 3 5 6 1 5 6 4 1 1 2 4 5 0 3 0 2 3
 2 4 1 0 0 0 4 4 0 1 4 5 6 3 0 1 5 3 5 2 2 0 3 6 2 4 5 1 1 1 5 2 0 6 1 0 2
 4 5 6 6 4 1 2 1 0 5 2 3 4 3 0 1 6 5 3 2 1 3 3 2 0 4 3 2 2 6 5 1 4 5 3 2 2
 3 4 5 5 6 6 4 6 0 5 0 2 1 5 1 5 3 2 5 3 1 5 3 6 6 2 1 4 0 3 6 2 1 4 5 5 3
 5 3 6 3 4 2 4 3 4 1 6 0 3 6 3 6 0 0 1 6 5 1 2 4 1 4 0 5]";"[1 1 6 2 1 6 5 4 3 3 0 0 0 1 6 5 0 6 5 5 4 1 5 0 6 2 1 1 2 0 5 0 2 5 5 5 3
 1 1 6 6 0 1 3 6 5 4 1 1 3 1 4 1]";"[1 1 6 5 1 6 5 4 3 3 0 0 0 1 6 5 0 6 5 5 4 1 5 0 6 2 1 1 2 0 5 0 2 5 5 5 3
 1 1 6 6 0 1 3 6 5 4 1 1 3 1 4 1]";"[2 4 1 2 1 2 6 6 5 4 2 2 6 6 4 2 3 5 5 5 3 6 1 1 5 1 4 0 3 6 5 4 1 4 4 6 4
 5 0 1 0 6 6 6 6 2 2 4 2 3 3 2 2 6 5 6 4 3 3 0 0 3 6 0 2 5 0 1 6 3 3 0 1 0
 3 3 4 0 3 6 1 4 0 3 3 4 1 6 0 4 0 1 1 5 3 3 6 4 4 1 5 6 0 3 5 3 5 4 4 1 4
 2 0 5 2 6 2 2 3 2 2 2 2 6 0 2 4 2 2 1 4 0 2 5 0 4 5 5 6 3 3 6 3 2 1 5 0 5
 4 2 1 1 6 1 3 4 3 2 6 4 4 2 5 2 2 3 2 6 2 5 0 3 4 3 6 4 3 0 0 6 4 2 1 0 3
 5 0 4 2 0 0 0 5 2 4 5 3 1 6 1 2 4 1 5 6 6 6 3 3 5 2 0 4 2 4 2 6 4 6 1 0 5
 4 0 4 2 6 4 4 4 2 3 4 6 4 6 3 4 6 2 1 0 6 3 2 3 3 1 1 1 6 5 0 0 1 5 1 1 5
 0 0 1 2 0 5 6 4 3 3 2 6 5 1 5 5 6 2 4 4 4 5 4 0 0 4 3 1 3 1 0 3 1 3 5 0 6
 1 0 3 6 0 0 2 5 5 5 4 6 6 2 0 1 2 3 1 6 3 5 6 1 5 5 4 0 1 2 4 5 0 3 1 2 3
 2 4 1 0 0 0 4 4 0 1 4 5 6 3 0 1 5 3 5 2 2 0 3 6 2 4 5 1 1 1 5 2 0 6 1 0 2
 4 5 6 1 4 1 2 1 0 5 2 3 4 3 0 1 6 5 3 2 1 3 3 2 0 4 3 2 2 6 5 1 4 5 3 2 2
 3 4 5 5 6 6 4 6 0 5 0 2 1 5 1 5 3 2 5 3 1 5 3 6 6 2 1 4 0 3 6 2 1 4 5 5 3
 5 3 6 3 4 2 4 3 4 1 6 0 3 6 3 6 0 0 0 6 5 1 2 4 1 4 0 5]";0.9811320754716981;0.9682203389830508;32159933;"[[ 8  0  0  0  0  0  0]
 [ 0 14  0  0  0  0  0]
 [ 0  0  3  0  0  1  0]
 [ 0  0  0  5  0  0  0]
 [ 0  0  0  0  4  0  0]
 [ 0  0  0  0  0 10  0]
 [ 0  0  0  0  0  0  8]]"
"LinearSVC(C=1.0, class_weight=None, dual=True, fit_intercept=True,
          intercept_scaling=1, loss='squared_hinge', max_iter=9100,
          multi_class='ovr', penalty='l2', random_state=32159933, tol=0.01,
          verbose=0)";"[[-0.93513922 -0.94592942 -0.05649906 ... -0.99041139 -1.88749429
  -1.85089395]
 [ 1.06625568  1.07663879  0.73680456 ...  0.69478105 -1.02422526
  -0.90575154]
 [-0.49395323 -0.46391951 -0.98409061 ...  1.382434   -0.64176429
  -0.67867187]
 ...
 [ 1.13231658  1.13725054  0.53057066 ...  1.02532668  0.12315763
  -0.42908881]
 [ 0.37453683  0.42123182  2.07715153 ...  0.01893329  0.75421822
   1.16865193]
 [-1.74648085 -1.90511442 -0.53692667 ... -1.1232199  -1.60338043
  -1.53380072]]";"[[-0.85253612 -0.85379195 -1.29028255 ... -1.1232199   1.24595375
   1.01521972]
 [-1.20745942 -1.25639965 -1.53848991 ...  0.0691054   1.20770765
   1.41414347]
 [-0.82573937 -0.82409664 -1.5254794  ...  1.23191769 -1.16901405
  -1.02440578]
 ...
 [ 0.42092641  0.46644569  1.04306097 ... -0.16109602 -2.14975323
  -1.66268378]
 [-1.29458684 -1.35803371 -1.59917409 ... -0.86350548 -0.04621794
  -0.80550916]
 [-1.19472808 -1.24164507 -1.80489044 ... -1.1497816   0.69684908
  -0.17745999]]";"[3 1 2 1 5 2 5 4 2 5 1 2 0 6 4 3 4 2 0 6 4 4 5 2 0 0 1 0 2 0 2 1 1 2 3 4 4
 1 6 6 6 0 1 2 6 0 0 3 0 3 5 4 6 5 6 1 6 3 1 2 4 0 1 4 0 0 6 2 1 4 5 0 6 1
 5 1 5 1 1 6 6 1 5 0 1 5 1 1 2 0 0 3 4 1 0 6 2 4 1 0 5 5 0 1 2 4 0 0 3 2 3
 5 0 5 0 4 5 5 0 4 0 1 2 0 3 1 6 3 2 4 5 2 6 5 5 3 4 6 0 2 2 3 2 6 3 3 4 6
 2 5 0 5 0 2 5 5 0 6 2 4 4 3 0 3 4 6 4 5 6 4 6 6 6 1 3 5 6 3 0 2 6 2 3 6 2
 4 5 3 0 1 5 2 3 0 6 6 1 2 3 3 1 4 1 4 0 5 2 1 2 2 6 3 5 5 0 0 4 5 4 3 4 0
 1 6 5 0 3 0 5 1 1 1 5 0 0 1 6 5 4 2 3 4 3 1 5 1 3 0 6 2 2 6 0 1 3 4 2 3 5
 3 4 4 3 1 5 0 3 2 6 5 3 6 2 5 5 4 0 6 0 3 1 6 2 5 6 3 0 1 2 1 2 4 2 0 6 4
 0 3 2 0 4 6 2 2 2 5 0 4 6 1 6 0 3 3 5 5 1 1 3 4 4 1 5 1 1 4 2 1 5 4 1 6 1
 4 5 1 2 3 5 2 6 1 2 3 4 3 6 5 6 6 4 3 6 0 0 2 3 3 4 4 2 4 3 4 2 2 6 6 6 4
 0 3 6 0 6 4 1 5 6 1 1 5 0 3 4 2 6 5 2 4 3 4 1 4 6 3 3 6 0 4 4 5 0 6 4 5 3
 4 1 3 3 5 5 0 3 4 1 3 3 5 6 6 4 1 2 0 0 2 2 0 1 1 2 6 3 0 4 6 0 5 6 5 6 3
 4 5 4 1 2 0 2 3 0 0 1 3 2 1 6 2 3 5 2 5 3 2 5 5 1 0 4 3]";"[6 6 2 3 6 3 2 5 6 4 4 2 0 3 3 3 1 2 1 2 4 4 6 2 4 5 3 5 0 1 1 2 5 0 1 5 1
 4 5 6 6 1 2 4 1 3 6 4 5 0 3 5 5]";"[6 6 2 3 6 3 2 5 6 4 4 2 0 3 3 3 1 2 1 2 4 4 6 2 4 5 3 5 0 1 1 2 5 0 1 5 1
 4 5 6 6 1 2 4 1 3 6 4 5 0 3 5 5]";"[3 1 2 1 5 2 5 4 2 5 0 2 0 6 4 3 4 2 0 6 4 4 5 2 0 0 1 1 5 1 2 1 1 2 3 4 4
 1 1 6 6 1 1 2 6 0 0 3 0 3 5 4 6 5 6 1 6 3 1 2 4 0 1 4 0 0 6 2 1 4 5 0 6 1
 5 1 5 1 1 6 6 1 5 0 1 5 1 1 2 0 0 3 4 1 0 6 2 4 1 0 5 5 0 1 2 4 0 0 3 2 3
 5 0 5 0 4 5 5 0 4 0 1 2 0 3 1 6 3 2 4 5 2 6 5 5 3 4 6 0 2 2 3 2 6 3 3 4 6
 6 5 0 5 0 2 0 5 1 6 2 4 4 3 0 3 4 6 4 5 6 4 6 6 6 1 3 5 6 3 0 2 6 2 3 6 2
 4 5 3 0 1 5 2 3 0 6 6 1 2 3 3 1 4 1 4 0 5 2 1 2 2 6 3 5 2 0 0 4 5 4 3 4 0
 1 6 5 0 3 0 5 1 1 0 6 0 0 1 6 5 4 2 3 4 3 1 5 1 3 0 6 2 2 6 0 1 3 4 2 3 5
 3 4 4 3 1 5 0 3 2 6 5 3 6 2 5 5 4 0 6 0 3 1 6 2 5 6 3 0 1 2 1 2 4 2 0 6 4
 0 3 2 0 4 6 2 2 2 5 0 4 6 1 6 0 3 3 5 5 1 1 3 4 4 1 5 1 1 4 2 1 5 4 1 6 1
 4 5 1 2 3 5 2 6 1 2 3 4 3 6 5 6 6 4 3 5 0 0 2 3 3 4 4 2 4 3 4 2 2 6 6 6 4
 0 3 6 0 6 4 1 5 6 1 1 5 0 3 4 2 6 5 2 4 3 4 1 4 6 3 3 6 0 4 4 5 0 6 4 5 3
 4 1 3 3 5 5 0 3 4 1 3 3 5 6 6 4 1 2 0 0 2 2 0 1 1 2 6 3 0 4 5 0 5 6 5 6 3
 4 5 4 1 2 0 2 3 0 0 1 3 2 1 6 2 3 5 2 5 3 2 5 5 1 0 4 3]";1.0;0.9703389830508474;32159933;"[[4 0 0 0 0 0 0]
 [0 8 0 0 0 0 0]
 [0 0 8 0 0 0 0]
 [0 0 0 8 0 0 0]
 [0 0 0 0 8 0 0]
 [0 0 0 0 0 9 0]
 [0 0 0 0 0 0 8]]"
"LinearSVC(C=1.0, class_weight=None, dual=True, fit_intercept=True,
          intercept_scaling=1, loss='squared_hinge', max_iter=9100,
          multi_class='ovr', penalty='l2', random_state=32159933, tol=0.01,
          verbose=0)";"[[-0.76248745 -0.754373   -1.35690693 ... -0.32932013  0.66679857
   0.46900106]
 [-0.84956803 -0.85049816  0.3043135  ... -0.48573905 -0.93953747
  -0.72981594]
 [ 1.31324448  1.30161951  0.43213927 ... -0.12863172 -0.56254024
  -0.88324815]
 ...
 [-0.87492245 -0.87867227  0.32720547 ... -1.77840855 -0.82753105
  -1.20034138]
 [-0.85511431 -0.85665399  0.33985117 ... -0.76316127 -2.10877527
  -1.76906344]
 [ 0.7995708   0.82856668 -0.07522429 ...  0.104521   -0.34399111
  -0.19791761]]";"[[-0.41965106 -0.38506992 -0.94665789 ... -1.05238869  0.68318976
   0.04757392]
 [-1.05809822 -1.08480503 -1.32775932 ... -0.48869035 -0.34125925
  -0.95075832]
 [-0.2502695  -0.20764676  1.1655204  ...  1.27028459  0.46464064
   1.57780449]
 ...
 [-1.06013277 -1.08712073 -1.06236594 ...  0.17240091  0.32258371
   0.70630954]
 [-0.26679866 -0.22482176 -0.62245158 ... -0.50049555 -0.15002877
  -0.75231933]
 [-0.90532161 -0.91256476 -0.71345607 ... -0.58018065  1.19951206
   1.46119601]]";"[5 3 1 1 6 4 4 4 2 4 4 1 0 0 3 1 2 3 4 4 6 2 4 5 2 1 3 1 6 6 3 0 0 6 4 3 1
 5 6 1 0 0 6 2 5 0 4 0 3 0 0 5 6 2 6 0 1 1 6 5 6 3 0 3 1 2 0 4 6 4 5 6 1 3
 3 1 1 1 2 5 0 2 0 1 4 1 2 3 5 1 6 5 6 3 1 0 3 2 5 0 6 5 0 1 1 5 0 2 1 6 4
 1 2 4 3 6 3 6 4 6 5 0 2 3 6 1 2 0 0 6 2 0 5 5 3 2 3 6 3 6 6 4 5 4 2 5 0 6
 5 4 2 0 1 5 4 4 5 4 1 1 1 6 0 5 6 6 2 6 6 2 1 0 3 2 5 4 6 6 0 1 5 3 5 6 1
 4 6 3 5 4 5 0 0 3 6 2 6 3 4 5 2 1 3 5 2 1 3 4 3 0 4 0 6 6 4 6 6 0 2 6 0 3
 0 0 3 4 5 0 5 5 1 2 2 4 1 5 3 4 3 4 1 1 5 1 1 6 0 3 3 6 3 4 5 1 3 4 0 1 4
 5 2 6 1 4 6 2 5 2 4 0 4 5 2 2 2 2 5 2 4 5 3 2 3 4 0 5 6 5 5 5 6 6 1 3 0 5
 4 5 6 0 5 4 2 3 4 5 0 2 6 2 0 1 2 0 6 1 3 2 2 0 2 5 3 0 3 5 4 2 1 2 0 0 2
 1 2 1 4 6 0 4 6 5 1 1 2 3 4 5 1 4 6 0 0 3 6 4 5 0 3 1 3 1 3 2 1 3 2 3 2 6
 2 0 0 2 6 1 0 1 0 6 1 4 5 6 6 5 4 2 0 6 0 2 4 3 3 4 5 2 5 2 5 6 2 2 2 3 5
 1 3 0 4 3 3 6 0 4 0 4 1 1 1 2 2 5 4 4 4 5 1 6 4 4 4 3 3 3 3 3 5 1 5 0 1 1
 6 2 1 2 6 0 0 0 0 1 1 0 5 2 1 0 4 3 3 1 3 5 6 2 2 3 3 1]";"[5 5 4 6 3 2 3 6 0 5 5 6 5 1 0 1 5 2 0 4 4 1 0 5 2 3 2 3 4 3 6 4 4 4 3 3 5
 2 2 1 2 4 3 4 0 4 4 6 5 3 6 5 6]";"[5 5 4 6 3 2 3 6 0 5 5 6 5 1 0 1 5 2 0 4 4 1 0 5 2 3 6 3 4 3 6 4 4 4 3 3 1
 2 2 1 2 4 3 4 0 4 4 6 5 3 6 5 6]";"[5 3 1 1 6 4 4 4 2 4 4 1 0 0 3 1 2 3 4 4 6 2 4 5 2 1 3 1 6 6 3 0 0 6 4 3 1
 5 6 1 0 0 6 2 2 0 4 0 3 0 1 5 6 2 6 0 1 1 6 5 1 3 0 3 1 2 0 4 6 4 5 6 1 3
 3 1 1 1 2 5 0 2 0 1 4 1 2 3 5 1 6 5 6 3 1 0 3 2 5 0 6 5 0 1 1 5 0 2 1 6 4
 1 2 4 3 6 3 6 4 6 5 0 2 3 6 1 2 0 0 6 2 0 5 5 3 2 3 6 3 6 6 4 5 4 2 5 0 6
 5 4 2 0 1 5 4 4 5 4 1 1 0 6 0 5 6 6 2 6 6 2 1 0 3 2 5 4 6 6 0 1 5 3 6 6 1
 4 6 3 5 4 5 0 0 3 6 2 6 3 4 5 2 1 3 5 5 1 3 4 3 0 4 0 6 6 4 6 6 0 2 6 0 3
 0 0 3 4 5 0 5 5 1 2 2 4 1 5 3 4 3 4 1 1 5 1 1 6 0 3 3 6 3 4 5 1 3 4 0 1 4
 5 2 6 1 4 6 2 5 2 4 0 4 5 2 2 2 2 5 2 4 5 3 2 3 4 0 6 5 5 5 5 6 6 1 3 1 5
 4 5 6 0 5 4 2 3 4 5 0 2 5 2 0 1 2 0 6 1 3 2 2 0 2 5 3 0 3 5 4 2 1 2 0 0 2
 1 2 1 4 6 0 4 6 5 1 1 2 3 4 5 0 4 6 0 0 3 6 4 5 0 3 1 3 1 3 2 1 3 2 3 2 6
 2 0 0 2 6 1 0 1 0 6 1 4 5 6 6 5 4 2 0 6 0 2 4 3 3 4 5 2 5 2 5 6 2 2 2 3 5
 1 3 0 4 3 3 6 0 4 0 4 1 1 1 2 2 5 4 4 4 5 1 6 4 4 4 3 3 3 3 3 5 1 5 0 1 1
 6 2 1 2 6 0 1 1 0 2 1 0 5 2 1 0 4 3 3 1 3 5 6 2 2 3 3 1]";0.9622641509433962;0.9703389830508474;32159933;"[[ 5  0  0  0  0  0  0]
 [ 0  4  0  0  0  0  0]
 [ 0  0  6  0  0  0  1]
 [ 0  0  0  9  0  0  0]
 [ 0  0  0  0 11  0  0]
 [ 0  1  0  0  0  9  0]
 [ 0  0  0  0  0  0  7]]"
"LinearSVC(C=1.0, class_weight=None, dual=True, fit_intercept=True,
          intercept_scaling=1, loss='squared_hinge', max_iter=9100,
          multi_class='ovr', penalty='l2', random_state=32159933, tol=0.01,
          verbose=0)";"[[-0.46373557 -0.43177571 -0.79272648 ... -0.63035276  1.0219409
   0.56924343]
 [ 1.09651534  1.10444275  0.47625898 ...  0.73609925  0.84163787
   0.69403496]
 [ 1.05325627  1.06467327  0.77911505 ... -0.65396316 -0.23198469
  -0.64184814]
 ...
 [-0.43773674 -0.40420406 -0.3461987  ... -0.62445016 -1.48591028
  -1.419238  ]
 [ 1.67771422  1.62579961  1.05508528 ...  0.18715741  0.83890601
   0.51400784]
 [ 1.54920348  1.51251871  0.48790197 ... -0.55657025 -0.18281114
  -0.65616848]]";"[[-0.12259789 -0.07596799  0.84016129 ...  0.94564157  0.63674807
   1.80079264]
 [ 1.16316658  1.16544514  0.77359601 ... -0.01057971  0.86076092
   0.39944512]
 [ 2.1475703   2.03104824  1.0492105  ... -0.84874898  0.26794643
  -0.57842949]
 ...
 [-0.49395323 -0.46391951 -0.98409061 ...  1.382434   -0.64176429
  -0.67867187]
 [-0.50926409 -0.48024688  0.72033882 ... -0.41490784 -1.85198006
  -1.32922444]
 [ 0.38477142  0.43122356  0.18891657 ... -0.72774567  1.35796017
   1.04795193]]";"[6 0 1 4 1 6 1 6 2 2 1 2 0 5 3 1 0 5 2 2 6 0 0 4 1 3 0 3 6 3 1 3 4 3 1 5 6
 6 3 5 3 1 2 2 0 1 5 4 6 5 5 3 3 2 6 4 6 6 6 5 3 4 6 5 3 6 2 6 0 0 1 2 1 2
 5 1 4 6 1 0 1 2 3 5 0 3 2 0 5 1 6 2 0 3 0 6 5 3 2 1 1 3 1 6 2 2 3 3 0 4 0
 3 0 1 1 3 6 5 1 0 3 4 0 3 6 5 1 2 0 5 2 2 4 3 1 1 4 6 2 2 2 1 2 6 2 2 4 2
 2 4 4 3 4 4 2 2 4 5 6 2 1 5 3 4 2 0 4 5 2 1 0 3 3 5 4 6 4 0 3 1 4 6 4 4 1
 0 4 5 6 0 3 5 4 0 3 0 1 6 1 0 0 2 0 6 1 1 4 5 1 4 1 5 5 1 2 5 3 5 5 2 6 6
 4 0 0 3 0 3 4 4 4 0 5 5 3 2 0 1 3 3 1 6 2 3 5 3 6 3 4 5 1 6 2 2 1 2 3 5 6
 2 2 3 1 3 1 1 5 4 0 4 0 4 6 1 5 1 5 4 5 0 1 5 2 1 4 3 6 5 6 6 5 4 2 4 4 3
 3 4 6 3 0 2 5 0 3 6 2 6 3 4 0 6 5 5 6 1 5 3 1 0 5 0 2 2 0 0 3 5 4 2 6 3 4
 3 2 4 6 6 0 3 4 5 2 4 3 5 5 4 4 5 0 1 6 6 1 1 6 4 3 5 0 1 5 6 5 1 2 0 0 4
 5 5 4 0 0 2 1 5 6 4 2 4 4 2 3 5 2 4 4 0 6 3 6 6 6 0 4 3 5 4 4 6 0 4 4 0 1
 6 6 2 1 1 4 2 1 5 6 3 6 0 2 5 2 1 4 0 2 1 4 3 5 3 3 6 2 1 1 4 4 1 0 2 6 3
 5 0 6 3 0 6 3 5 5 4 6 4 0 3 2 1 6 5 3 6 5 0 6 5 3 6 0 1]";"[4 0 1 2 5 1 4 4 1 2 6 2 5 0 5 2 0 5 3 1 4 0 3 5 0 1 1 3 3 0 1 5 5 2 6 1 0
 0 6 2 2 0 0 4 0 5 6 2 3 2 2 3 6]";"[4 0 1 2 5 1 4 4 1 2 6 2 5 6 5 2 0 5 3 1 4 0 3 5 0 1 1 3 3 0 1 5 5 2 6 1 0
 0 6 2 6 0 0 4 0 5 6 2 3 2 2 3 6]";"[6 0 1 4 1 6 2 6 2 2 1 2 0 5 3 1 0 5 2 2 6 0 1 4 1 3 0 3 6 3 1 3 4 3 1 5 6
 6 3 5 3 0 2 2 0 1 5 4 6 5 5 3 3 2 6 4 6 6 6 5 3 4 6 5 3 6 2 6 0 0 1 2 1 2
 5 1 4 6 1 0 1 2 3 5 1 3 5 0 5 1 6 2 0 3 0 6 5 3 2 1 1 3 1 6 2 2 3 3 0 4 0
 3 0 1 1 3 6 5 1 0 3 4 0 3 6 5 1 2 0 5 2 2 4 3 1 1 4 6 2 2 2 1 2 5 2 2 4 2
 2 4 4 3 4 4 2 2 4 5 6 2 1 5 3 4 2 0 4 5 2 1 0 3 3 5 4 5 4 0 3 1 4 6 4 4 1
 0 4 5 6 0 3 5 4 0 3 0 1 6 1 0 0 2 0 6 1 1 4 5 1 4 1 5 5 1 2 5 3 5 2 2 6 6
 4 0 0 3 0 3 4 4 4 0 5 5 3 2 0 1 3 3 1 6 2 3 5 3 6 3 4 5 1 6 2 2 1 2 3 5 6
 2 2 3 1 3 1 1 5 4 0 4 0 4 6 1 5 1 5 4 5 0 1 5 2 1 4 3 6 5 6 6 5 4 2 4 4 3
 3 4 6 3 0 2 5 0 3 6 2 6 3 4 0 6 5 5 6 1 5 3 1 0 5 0 2 2 0 0 3 5 4 2 6 3 4
 3 2 4 2 6 0 3 4 6 2 4 3 5 5 4 4 5 0 1 6 6 1 1 6 4 3 5 0 1 5 6 5 1 2 0 0 4
 5 5 4 0 0 2 1 5 6 4 2 4 4 2 3 5 2 4 4 0 6 3 6 6 6 0 4 3 5 4 4 6 0 4 4 1 1
 6 6 2 1 1 4 2 1 5 6 3 6 0 2 5 2 1 4 0 2 1 4 3 5 3 3 6 2 0 1 4 4 1 0 2 6 3
 5 0 6 3 0 6 3 5 5 4 6 4 1 3 2 1 6 5 3 6 5 0 6 5 3 6 0 1]";0.9622641509433962;0.972457627118644;32159933;"[[10  0  0  0  0  0  1]
 [ 0  8  0  0  0  0  0]
 [ 0  0  9  0  0  0  1]
 [ 0  0  0  6  0  0  0]
 [ 0  0  0  0  5  0  0]
 [ 0  0  0  0  0  8  0]
 [ 0  0  0  0  0  0  5]]"
